file_name,text,status
WhatsApp Image 2026-04-06 at 11.36.48 AM (1)_line_0.jpg,,skip
WhatsApp Image 2026-04-06 at 11.36.48 AM (1)_line_1.jpg,,skip
WhatsApp Image 2026-04-06 at 11.36.48 AM (1)_line_10.jpg,p 26,ok
WhatsApp Image 2026-04-06 at 11.36.48 AM (1)_line_11.jpg,ferrum,ok
WhatsApp Image 2026-04-06 at 11.36.48 AM (1)_line_12.jpg,70-26-71-11,ok
WhatsApp Image 2026-04-06 at 11.36.48 AM (1)_line_13.jpg,2,ok
WhatsApp Image 2026-04-06 at 11.36.48 AM (1)_line_2.jpg,,skip
WhatsApp Image 2026-04-06 at 11.36.48 AM (1)_line_3.jpg,,skip
WhatsApp Image 2026-04-06 at 11.36.48 AM (1)_line_4.jpg,,skip
WhatsApp Image 2026-04-06 at 11.36.48 AM (1)_line_5.jpg,,skip
WhatsApp Image 2026-04-06 at 11.36.48 AM (1)_line_6.jpg,,skip
WhatsApp Image 2026-04-06 at 11.36.48 AM (1)_line_7.jpg,,skip
WhatsApp Image 2026-04-06 at 11.36.48 AM (1)_line_8.jpg,,skip
WhatsApp Image 2026-04-06 at 11.36.48 AM (1)_line_9.jpg,,ok
WhatsApp Image 2026-04-06 at 11.36.48 AM (2)_line_0.jpg,,skip
WhatsApp Image 2026-04-06 at 11.36.48 AM (2)_line_1.jpg,,skip
WhatsApp Image 2026-04-06 at 11.36.48 AM (2)_line_10.jpg,,skip
WhatsApp Image 2026-04-06 at 11.36.48 AM (2)_line_11.jpg,,skip
WhatsApp Image 2026-04-06 at 11.36.48 AM (2)_line_12.jpg,,skip
WhatsApp Image 2026-04-06 at 11.36.48 AM (2)_line_13.jpg,,skip
WhatsApp Image 2026-04-06 at 11.36.48 AM (2)_line_2.jpg,,skip
WhatsApp Image 2026-04-06 at 11.36.48 AM (2)_line_3.jpg,,skip
WhatsApp Image 2026-04-06 at 11.36.48 AM (2)_line_4.jpg,,skip
WhatsApp Image 2026-04-06 at 11.36.48 AM (2)_line_5.jpg,,skip
WhatsApp Image 2026-04-06 at 11.36.48 AM (2)_line_6.jpg,,skip
WhatsApp Image 2026-04-06 at 11.36.48 AM (2)_line_7.jpg,,skip
WhatsApp Image 2026-04-06 at 11.36.48 AM (2)_line_8.jpg,,skip
WhatsApp Image 2026-04-06 at 11.36.48 AM (2)_line_9.jpg,,ok
WhatsApp Image 2026-04-06 at 11.36.48 AM (3)_line_0.jpg,,skip
WhatsApp Image 2026-04-06 at 11.36.48 AM (3)_line_1.jpg,,skip
WhatsApp Image 2026-04-06 at 11.36.48 AM (3)_line_10.jpg,,ok
WhatsApp Image 2026-04-06 at 11.36.48 AM (3)_line_11.jpg,,ok
WhatsApp Image 2026-04-06 at 11.36.48 AM (3)_line_12.jpg,,ok
WhatsApp Image 2026-04-06 at 11.36.48 AM (3)_line_13.jpg,,ok
WhatsApp Image 2026-04-06 at 11.36.48 AM (3)_line_14.jpg,,ok
WhatsApp Image 2026-04-06 at 11.36.48 AM (3)_line_15.jpg,,ok
WhatsApp Image 2026-04-06 at 11.36.48 AM (3)_line_16.jpg,,ok
WhatsApp Image 2026-04-06 at 11.36.48 AM (3)_line_17.jpg,,ok
WhatsApp Image 2026-04-06 at 11.36.48 AM (3)_line_18.jpg,,ok
WhatsApp Image 2026-04-06 at 11.36.48 AM (3)_line_19.jpg,1 Isoptyl tbls 5mg,ok
WhatsApp Image 2026-04-06 at 11.36.48 AM (3)_line_2.jpg,"Dr: Aroui Mustapha Kamal
Médecine Générale
Mésothérapie
Cité Guenani N° 484/09 – Djelfa
29 MARS 2026",ok
WhatsApp Image 2026-04-06 at 11.36.48 AM (3)_line_20.jpg,,skip
WhatsApp Image 2026-04-06 at 11.36.48 AM (3)_line_3.jpg,"Tel : 0774.42.38.61 – 0696.8586.52
Nom: Bessa
Prénom: AbdelHAK
Age: (A)
ORDONNANCE",ok
WhatsApp Image 2026-04-06 at 11.36.48 AM (3)_line_4.jpg,"Lexin 1g 1 g x 2/j 2 bts
Lomac 20 1 cap/j 2 bts
D  1 bte",ok
WhatsApp Image 2026-04-06 at 11.36.48 AM (3)_line_5.jpg,"Depuline 20 1 cp le soir 1 b
Dexagone 4 1 cp x 2 / j 1 b",ok
WhatsApp Image 2026-04-06 at 11.36.48 AM (3)_line_6.jpg,"Dexanours cp. 1 cp / j QSP
Sulpiride sip 1 cas le soir 1 fl
Doliprane sip 1 cas / j 1 fl",ok
WhatsApp Image 2026-04-06 at 11.36.48 AM (3)_line_7.jpg,"Doliprane sip 1 cas / j 1 fl
Isolact stick 10 mg 1 bt
Isoptyl gtte 5 gtts 1 bte",ok
WhatsApp Image 2026-04-06 at 11.36.48 AM (3)_line_8.jpg,Doliprane 1 g 1 cp 1 bte,ok
WhatsApp Image 2026-04-06 at 11.36.48 AM (3)_line_9.jpg,,skip
WhatsApp Image 2026-04-06 at 11.36.48 AM (4)_line_0.jpg,,skip
WhatsApp Image 2026-04-06 at 11.36.48 AM (4)_line_1.jpg,,skip
WhatsApp Image 2026-04-06 at 11.36.48 AM (4)_line_2.jpg,,skip
WhatsApp Image 2026-04-06 at 11.36.48 AM (4)_line_3.jpg,,skip
WhatsApp Image 2026-04-06 at 11.36.48 AM (4)_line_4.jpg,,skip
WhatsApp Image 2026-04-06 at 11.36.48 AM (4)_line_5.jpg,,skip
WhatsApp Image 2026-04-06 at 11.36.48 AM (4)_line_6.jpg,,skip
WhatsApp Image 2026-04-06 at 11.36.48 AM (4)_line_7.jpg,,skip
WhatsApp Image 2026-04-06 at 11.36.48 AM (4)_line_8.jpg,,skip
WhatsApp Image 2026-04-06 at 11.36.48 AM (5)_line_0.jpg,,skip
WhatsApp Image 2026-04-06 at 11.36.48 AM (5)_line_1.jpg,,skip
WhatsApp Image 2026-04-06 at 11.36.48 AM (5)_line_10.jpg,,skip
WhatsApp Image 2026-04-06 at 11.36.48 AM (5)_line_2.jpg,,skip
WhatsApp Image 2026-04-06 at 11.36.48 AM (5)_line_3.jpg,"Prescription Header & Metadata Transcription
Printed Institutional Text:

Wilaya: ولاية الجلفة (Wilaya of Djelfa)

Institution: المؤسسة العمومية للصحة الجوارية بالجلفة (Public Institution for Proximity Health in Djelfa)

Department Field: مصلحة : (Service / Department)

Date Lead-in: الجلفة في : (Djelfa on:)

Handwritten Entry:

Date: 05/04/2026

Physician Stamp & Identification:

Name: DR. DRIDI H.

Title: Docteur en Médecine (Doctor of Medicine)

Registration: N° d'ordre 266/14

Signature: [Stylized Signature Present]",ok
WhatsApp Image 2026-04-06 at 11.36.48 AM (5)_line_4.jpg,"1. Printed Details (Arabic)
Main Title: وصفة طبية (Medical Prescription)

Field Labels:

سلمت من طرف الطبيب : (Delivered by the doctor:)

السيد(ة) : (Mr./Ms.:)

العمر : (Age:)

المسكن : (Residence:)

2. Handwritten Details (Blue Ink)
Patient Name: Guemoud Youcef

Age: 14 ans

Residence/Address: Zakaria Yousef",ok
WhatsApp Image 2026-04-06 at 11.36.48 AM (5)_line_5.jpg,"1- Doliprane 500mg gél 16 (01 bt.)
01 cp x 3 / j",ok
WhatsApp Image 2026-04-06 at 11.36.48 AM (5)_line_6.jpg,"2- Debridat cp x 2 / j (01 bt)

PHARMACIE GROUZAT Soulef
Cité 5 Juillet Bloc 972
N° 04 - W. DJELFA",ok
WhatsApp Image 2026-04-06 at 11.36.48 AM (5)_line_7.jpg,"3- Spasfon cp 80 (01 bt.)
1 cp x 3 / j",ok
WhatsApp Image 2026-04-06 at 11.36.48 AM (5)_line_8.jpg,"4- Vogalene sip 1 cas x 3 / j (01 fl.)

**Doctor's Stamp:**
Dr DRIDI H.
Docteur en Médecine
N° d'ordre 266/14

**Institutional Stamp:**
المؤسسة العمومية للصحة الجوارية بالجلفة (EPSP Djelfa)
قاعة علاج قنيسة عطية (Guenissa Atia Clinic)",ok
WhatsApp Image 2026-04-06 at 11.36.48 AM (5)_line_9.jpg,,skip
WhatsApp Image 2026-04-06 at 11.36.48 AM (6)_line_0.jpg,,skip
WhatsApp Image 2026-04-06 at 11.36.48 AM (6)_line_1.jpg,,blank
WhatsApp Image 2026-04-06 at 11.36.48 AM (6)_line_2.jpg,Asperic cardio,ok
WhatsApp Image 2026-04-06 at 11.36.48 AM (6)_line_3.jpg,,blank
WhatsApp Image 2026-04-06 at 11.36.48 AM (6)_line_4.jpg,,blank
WhatsApp Image 2026-04-06 at 11.36.48 AM (6)_line_5.jpg,,blank
WhatsApp Image 2026-04-06 at 11.36.48 AM (6)_line_6.jpg,Asperic cardio,ok
WhatsApp Image 2026-04-06 at 11.36.48 AM (6)_line_7.jpg,,skip
WhatsApp Image 2026-04-06 at 11.36.48 AM (7)_line_0.jpg,,skip
WhatsApp Image 2026-04-06 at 11.36.48 AM (7)_line_1.jpg,,skip
WhatsApp Image 2026-04-06 at 11.36.48 AM (7)_line_2.jpg,,skip
WhatsApp Image 2026-04-06 at 11.36.48 AM (7)_line_3.jpg,,skip
WhatsApp Image 2026-04-06 at 11.36.48 AM (7)_line_4.jpg,,skip
WhatsApp Image 2026-04-06 at 11.36.48 AM (7)_line_5.jpg,,skip
WhatsApp Image 2026-04-06 at 11.36.48 AM (7)_line_6.jpg,01/j,ok
WhatsApp Image 2026-04-06 at 11.36.48 AM (7)_line_7.jpg,,skip
WhatsApp Image 2026-04-06 at 11.36.48 AM (7)_line_8.jpg,,skip
WhatsApp Image 2026-04-06 at 11.36.48 AM (8)_line_0.jpg,,skip
WhatsApp Image 2026-04-06 at 11.36.48 AM (8)_line_1.jpg,,skip
WhatsApp Image 2026-04-06 at 11.36.48 AM (8)_line_2.jpg,,skip
WhatsApp Image 2026-04-06 at 11.36.48 AM (8)_line_3.jpg,,skip
WhatsApp Image 2026-04-06 at 11.36.48 AM (8)_line_4.jpg,02 cp - 02 f / j,ok
WhatsApp Image 2026-04-06 at 11.36.48 AM (8)_line_5.jpg,01 cp - 02 f / j,ok
WhatsApp Image 2026-04-06 at 11.36.48 AM (8)_line_6.jpg,,skip
WhatsApp Image 2026-04-06 at 11.36.48 AM_line_0.jpg,,skip
WhatsApp Image 2026-04-06 at 11.36.48 AM_line_1.jpg,,skip
WhatsApp Image 2026-04-06 at 11.36.48 AM_line_2.jpg,,skip
WhatsApp Image 2026-04-06 at 11.36.48 AM_line_3.jpg,,skip
WhatsApp Image 2026-04-06 at 11.36.48 AM_line_4.jpg,,skip
WhatsApp Image 2026-04-06 at 11.36.48 AM_line_5.jpg,,skip
WhatsApp Image 2026-04-06 at 11.36.48 AM_line_6.jpg,,blank
WhatsApp Image 2026-04-06 at 11.36.48 AM_line_7.jpg,,skip
WhatsApp Image 2026-04-06 at 11.36.49 AM (1)_line_0.jpg,,skip
WhatsApp Image 2026-04-06 at 11.36.49 AM (1)_line_1.jpg,,skip
WhatsApp Image 2026-04-06 at 11.36.49 AM (1)_line_2.jpg,,skip
WhatsApp Image 2026-04-06 at 11.36.49 AM (1)_line_3.jpg,,skip
WhatsApp Image 2026-04-06 at 11.36.49 AM (1)_line_4.jpg,,skip
WhatsApp Image 2026-04-06 at 11.36.49 AM (1)_line_5.jpg,,blank
WhatsApp Image 2026-04-06 at 11.36.49 AM (1)_line_6.jpg,,blank
WhatsApp Image 2026-04-06 at 11.36.49 AM (2)_line_0.jpg,,blank
WhatsApp Image 2026-04-06 at 11.36.49 AM (2)_line_1.jpg,,skip
WhatsApp Image 2026-04-06 at 11.36.49 AM (2)_line_10.jpg,,blank
WhatsApp Image 2026-04-06 at 11.36.49 AM (2)_line_11.jpg,,skip
WhatsApp Image 2026-04-06 at 11.36.49 AM (2)_line_2.jpg,,skip
WhatsApp Image 2026-04-06 at 11.36.49 AM (2)_line_3.jpg,,skip
WhatsApp Image 2026-04-06 at 11.36.49 AM (2)_line_4.jpg,,skip
WhatsApp Image 2026-04-06 at 11.36.49 AM (2)_line_5.jpg,,skip
WhatsApp Image 2026-04-06 at 11.36.49 AM (2)_line_6.jpg,,skip
WhatsApp Image 2026-04-06 at 11.36.49 AM (2)_line_7.jpg,,skip
WhatsApp Image 2026-04-06 at 11.36.49 AM (2)_line_8.jpg,,skip
WhatsApp Image 2026-04-06 at 11.36.49 AM (2)_line_9.jpg,,skip
WhatsApp Image 2026-04-06 at 11.36.49 AM (3)_line_0.jpg,,skip
WhatsApp Image 2026-04-06 at 11.36.49 AM (3)_line_1.jpg,,skip
WhatsApp Image 2026-04-06 at 11.36.49 AM (3)_line_2.jpg,05/04/2026,ok
WhatsApp Image 2026-04-06 at 11.36.49 AM (3)_line_3.jpg,,ok
WhatsApp Image 2026-04-06 at 11.36.49 AM (3)_line_4.jpg,"Plaintext it is! Here is the transcription from your latest crop:

السيد(ة) : BAKRIA SAADA.
العمر : (A)
1- Amoclan 1g (03 bts)
01 s x 2 / j",ok
WhatsApp Image 2026-04-06 at 11.36.49 AM (3)_line_5.jpg,"01 s x 2 / j
(2)- Zomax 500 (01 bt)
01 cp / j

PHARMACIE GROUZAT Soulef",ok
WhatsApp Image 2026-04-06 at 11.36.49 AM (3)_line_6.jpg,"01 cp / j
(3)- Bronchiol sp (01 fl)
01 cas x 3 / j

Cité 5 Juillet Bloc 972
N° 04 - W. DJELFA",ok
WhatsApp Image 2026-04-06 at 11.36.49 AM (3)_line_7.jpg,"01 cas x 3 / j
(4)- Vogalene sip (01 fl)

Stamp (Red):
DJELFA
Médecin Chef
MEDECINE GENERALE",ok
WhatsApp Image 2026-04-06 at 11.36.49 AM (3)_line_8.jpg,,skip
WhatsApp Image 2026-04-06 at 11.36.49 AM (3)_line_9.jpg,,skip
WhatsApp Image 2026-04-06 at 11.36.49 AM (4)_line_0.jpg,,skip
WhatsApp Image 2026-04-06 at 11.36.49 AM (4)_line_1.jpg,,skip
WhatsApp Image 2026-04-06 at 11.36.49 AM (4)_line_10.jpg,,blank
WhatsApp Image 2026-04-06 at 11.36.49 AM (4)_line_11.jpg,,skip
WhatsApp Image 2026-04-06 at 11.36.49 AM (4)_line_2.jpg,,blank
WhatsApp Image 2026-04-06 at 11.36.49 AM (4)_line_3.jpg,,blank
WhatsApp Image 2026-04-06 at 11.36.49 AM (4)_line_4.jpg,,blank
WhatsApp Image 2026-04-06 at 11.36.49 AM (4)_line_5.jpg,,skip
WhatsApp Image 2026-04-06 at 11.36.49 AM (4)_line_6.jpg,,blank
WhatsApp Image 2026-04-06 at 11.36.49 AM (4)_line_7.jpg,,blank
WhatsApp Image 2026-04-06 at 11.36.49 AM (4)_line_8.jpg,,blank
WhatsApp Image 2026-04-06 at 11.36.49 AM (4)_line_9.jpg,,blank
WhatsApp Image 2026-04-06 at 11.36.49 AM (5)_line_0.jpg,,skip
WhatsApp Image 2026-04-06 at 11.36.49 AM (5)_line_1.jpg,,skip
WhatsApp Image 2026-04-06 at 11.36.49 AM (5)_line_2.jpg,,skip
WhatsApp Image 2026-04-06 at 11.36.49 AM (5)_line_3.jpg,,blank
WhatsApp Image 2026-04-06 at 11.36.49 AM (5)_line_4.jpg,,blank
WhatsApp Image 2026-04-06 at 11.36.49 AM (5)_line_5.jpg,,blank
WhatsApp Image 2026-04-06 at 11.36.49 AM (5)_line_6.jpg,,blank
WhatsApp Image 2026-04-06 at 11.36.49 AM (5)_line_7.jpg,,blank
WhatsApp Image 2026-04-06 at 11.36.49 AM (5)_line_8.jpg,,blank
WhatsApp Image 2026-04-06 at 11.36.49 AM_line_0.jpg,,skip
WhatsApp Image 2026-04-06 at 11.36.49 AM_line_1.jpg,,skip
WhatsApp Image 2026-04-06 at 11.36.49 AM_line_10.jpg,,blank
WhatsApp Image 2026-04-06 at 11.36.49 AM_line_11.jpg,,blank
WhatsApp Image 2026-04-06 at 11.36.49 AM_line_12.jpg,2*j,ok
WhatsApp Image 2026-04-06 at 11.36.49 AM_line_13.jpg,1cp,ok
WhatsApp Image 2026-04-06 at 11.36.49 AM_line_14.jpg,lomac,ok
WhatsApp Image 2026-04-06 at 11.36.49 AM_line_15.jpg,02 bte,ok
WhatsApp Image 2026-04-06 at 11.36.49 AM_line_16.jpg,gel 20 mg,ok
WhatsApp Image 2026-04-06 at 11.36.49 AM_line_17.jpg,,skip
WhatsApp Image 2026-04-06 at 11.36.49 AM_line_18.jpg,,blank
WhatsApp Image 2026-04-06 at 11.36.49 AM_line_2.jpg,,blank
WhatsApp Image 2026-04-06 at 11.36.49 AM_line_3.jpg,,blank
WhatsApp Image 2026-04-06 at 11.36.49 AM_line_4.jpg,,skip
WhatsApp Image 2026-04-06 at 11.36.49 AM_line_5.jpg,,blank
WhatsApp Image 2026-04-06 at 11.36.49 AM_line_6.jpg,,blank
WhatsApp Image 2026-04-06 at 11.36.49 AM_line_7.jpg,,blank
WhatsApp Image 2026-04-06 at 11.36.49 AM_line_8.jpg,,blank
WhatsApp Image 2026-04-06 at 11.36.49 AM_line_9.jpg,,blank
WhatsApp Image 2026-04-07 at 10.01.50 PM_line_0.jpg,,skip
WhatsApp Image 2026-04-07 at 10.01.50 PM_line_1.jpg,,blank
WhatsApp Image 2026-04-07 at 10.01.50 PM_line_2.jpg,,blank
WhatsApp Image 2026-04-07 at 10.01.50 PM_line_3.jpg,,blank
WhatsApp Image 2026-04-07 at 10.01.50 PM_line_4.jpg,,blank
WhatsApp Image 2026-04-07 at 10.01.50 PM_line_5.jpg,,blank
WhatsApp Image 2026-04-07 at 10.02.24 PM_line_0.jpg,,blank
WhatsApp Image 2026-04-07 at 10.02.24 PM_line_1.jpg,,skip
WhatsApp Image 2026-04-07 at 10.02.24 PM_line_10.jpg,,skip
WhatsApp Image 2026-04-07 at 10.02.24 PM_line_2.jpg,,skip
WhatsApp Image 2026-04-07 at 10.02.24 PM_line_3.jpg,,skip
WhatsApp Image 2026-04-07 at 10.02.24 PM_line_4.jpg,,skip
WhatsApp Image 2026-04-07 at 10.02.24 PM_line_5.jpg,,skip
WhatsApp Image 2026-04-07 at 10.02.24 PM_line_6.jpg,,skip
WhatsApp Image 2026-04-07 at 10.02.24 PM_line_7.jpg,,skip
WhatsApp Image 2026-04-07 at 10.02.24 PM_line_8.jpg,,skip
WhatsApp Image 2026-04-07 at 10.02.24 PM_line_9.jpg,,skip
WhatsApp Image 2026-04-07 at 10.02.49 PM_line_0.jpg,,skip
WhatsApp Image 2026-04-07 at 10.02.49 PM_line_1.jpg,,skip
WhatsApp Image 2026-04-07 at 10.02.49 PM_line_2.jpg,,skip
WhatsApp Image 2026-04-07 at 10.02.49 PM_line_3.jpg,,skip
WhatsApp Image 2026-04-07 at 10.02.49 PM_line_4.jpg,,skip
WhatsApp Image 2026-04-07 at 10.02.49 PM_line_5.jpg,"01 s x 2 / j
(2)- Zomax 500 (01 bt)
01 cp / j",ok
WhatsApp Image 2026-04-07 at 10.02.49 PM_line_6.jpg,"01 cp / j
(3)- Bronchiol sp (01 fl)
01 cas x 3 / j",ok
WhatsApp Image 2026-04-07 at 10.02.49 PM_line_7.jpg,"01 cas x 3 / j
(4)- Vogalene sip (01 fl)",ok
WhatsApp Image 2026-04-07 at 10.02.49 PM_line_8.jpg,"(4)- Vogalene sip (01 fl)
01 cas x 3 / j",ok
WhatsApp Image 2026-04-07 at 10.02.49 PM_line_9.jpg,,skip
WhatsApp Image 2026-04-07 at 10.03.25 PM_line_0.jpg,,skip
WhatsApp Image 2026-04-07 at 10.03.25 PM_line_1.jpg,,skip
WhatsApp Image 2026-04-07 at 10.03.25 PM_line_2.jpg,,blank
WhatsApp Image 2026-04-07 at 10.03.25 PM_line_3.jpg,,blank
WhatsApp Image 2026-04-07 at 10.03.25 PM_line_4.jpg,,skip
WhatsApp Image 2026-04-07 at 10.03.25 PM_line_5.jpg,,skip
WhatsApp Image 2026-04-07 at 10.03.25 PM_line_6.jpg,,skip
WhatsApp Image 2026-04-07 at 10.03.25 PM_line_7.jpg,,skip
WhatsApp Image 2026-04-07 at 10.03.25 PM_line_8.jpg,,skip
WhatsApp Image 2026-04-07 at 12.24.43 PM_line_0.jpg,,skip
WhatsApp Image 2026-04-07 at 12.24.43 PM_line_1.jpg,,skip
WhatsApp Image 2026-04-07 at 12.24.43 PM_line_10.jpg,,blank
WhatsApp Image 2026-04-07 at 12.24.43 PM_line_11.jpg,,blank
WhatsApp Image 2026-04-07 at 12.24.43 PM_line_12.jpg,,skip
WhatsApp Image 2026-04-07 at 12.24.43 PM_line_13.jpg,,skip
WhatsApp Image 2026-04-07 at 12.24.43 PM_line_14.jpg,lomac,ok
WhatsApp Image 2026-04-07 at 12.24.43 PM_line_15.jpg,02 bte,ok
WhatsApp Image 2026-04-07 at 12.24.43 PM_line_16.jpg,gel 20 mg,ok
WhatsApp Image 2026-04-07 at 12.24.43 PM_line_17.jpg,,skip
WhatsApp Image 2026-04-07 at 12.24.43 PM_line_18.jpg,,skip
WhatsApp Image 2026-04-07 at 12.24.43 PM_line_2.jpg,,skip
WhatsApp Image 2026-04-07 at 12.24.43 PM_line_3.jpg,,skip
WhatsApp Image 2026-04-07 at 12.24.43 PM_line_4.jpg,,blank
WhatsApp Image 2026-04-07 at 12.24.43 PM_line_5.jpg,,blank
WhatsApp Image 2026-04-07 at 12.24.43 PM_line_6.jpg,,skip
WhatsApp Image 2026-04-07 at 12.24.43 PM_line_7.jpg,,skip
WhatsApp Image 2026-04-07 at 12.24.43 PM_line_8.jpg,,blank
WhatsApp Image 2026-04-07 at 12.24.43 PM_line_9.jpg,,blank
WhatsApp Image 2026-04-07 at 9.44.03 AM_line_0.jpg,,skip
WhatsApp Image 2026-04-07 at 9.44.03 AM_line_1.jpg,,skip
WhatsApp Image 2026-04-07 at 9.44.03 AM_line_10.jpg,,blank
WhatsApp Image 2026-04-07 at 9.44.03 AM_line_11.jpg,,blank
WhatsApp Image 2026-04-07 at 9.44.03 AM_line_12.jpg,,skip
WhatsApp Image 2026-04-07 at 9.44.03 AM_line_2.jpg,,blank
WhatsApp Image 2026-04-07 at 9.44.03 AM_line_3.jpg,,blank
WhatsApp Image 2026-04-07 at 9.44.03 AM_line_4.jpg,,blank
WhatsApp Image 2026-04-07 at 9.44.03 AM_line_5.jpg,,skip
WhatsApp Image 2026-04-07 at 9.44.03 AM_line_6.jpg,,blank
WhatsApp Image 2026-04-07 at 9.44.03 AM_line_7.jpg,,blank
WhatsApp Image 2026-04-07 at 9.44.03 AM_line_8.jpg,,blank
WhatsApp Image 2026-04-07 at 9.44.03 AM_line_9.jpg,,blank
WhatsApp Image 2026-04-07 at 9.44.17 AM (1)_line_0.jpg,,skip
WhatsApp Image 2026-04-07 at 9.44.17 AM (1)_line_1.jpg,,skip
WhatsApp Image 2026-04-07 at 9.44.17 AM (1)_line_2.jpg,,skip
WhatsApp Image 2026-04-07 at 9.44.17 AM (1)_line_3.jpg,"1/ Sulpiride 50 1
1 gél x 2",ok
WhatsApp Image 2026-04-07 at 9.44.17 AM (1)_line_4.jpg,,blank
WhatsApp Image 2026-04-07 at 9.44.17 AM (1)_line_5.jpg,,blank
WhatsApp Image 2026-04-07 at 9.44.17 AM (1)_line_6.jpg,,blank
WhatsApp Image 2026-04-07 at 9.44.17 AM (1)_line_7.jpg,,blank
WhatsApp Image 2026-04-07 at 9.44.17 AM (1)_line_8.jpg,,blank
WhatsApp Image 2026-04-07 at 9.44.17 AM_line_0.jpg,,skip
WhatsApp Image 2026-04-07 at 9.44.17 AM_line_1.jpg,,skip
WhatsApp Image 2026-04-07 at 9.44.17 AM_line_2.jpg,,skip
WhatsApp Image 2026-04-07 at 9.44.17 AM_line_3.jpg,"1/ Sulpiride 50 1
1 gél x 2",skip
WhatsApp Image 2026-04-07 at 9.44.17 AM_line_4.jpg,,blank
WhatsApp Image 2026-04-07 at 9.44.17 AM_line_5.jpg,,blank
WhatsApp Image 2026-04-07 at 9.44.17 AM_line_6.jpg,,blank
WhatsApp Image 2026-04-07 at 9.44.17 AM_line_7.jpg,,blank
WhatsApp Image 2026-04-07 at 9.44.17 AM_line_8.jpg,,blank
WhatsApp Image 2026-04-08 at 11.23.23 AM_line_0.jpg,,skip
WhatsApp Image 2026-04-08 at 11.23.23 AM_line_1.jpg,"Dr. ABZIZ ILHAM
Maladies des femmes & des Enfants
Suivi de Grossesse - Echographie

الدكتورة : عبزيز إلهام
أمراض النساء والأطفال",ok
WhatsApp Image 2026-04-08 at 11.23.23 AM_line_10.jpg,1cp*25j,ok
WhatsApp Image 2026-04-08 at 11.23.23 AM_line_11.jpg,lisinox cp 40 j,ok
WhatsApp Image 2026-04-08 at 11.23.23 AM_line_12.jpg,,skip
WhatsApp Image 2026-04-08 at 11.23.23 AM_line_13.jpg,,skip
WhatsApp Image 2026-04-08 at 11.23.23 AM_line_14.jpg,,skip
WhatsApp Image 2026-04-08 at 11.23.23 AM_line_15.jpg,حي 05 جويلية - بجانب بزار حمروش - الجلفة,ok
WhatsApp Image 2026-04-08 at 11.23.23 AM_line_16.jpg,,skip
WhatsApp Image 2026-04-08 at 11.23.23 AM_line_2.jpg,"Suivi de Grossesse - Echographie
Suivi des Maladies chroniques
Urgences Médicales
Mob. 0669.44.51.37

متابعة الحمل - فحص بالأشعة
متابعة الأمراض المزمنة
إستعجالات طبية

Djelfa, le : 07/04/2026

Dr. ABZIZ ILHAM
Docteur en Médecine",ok
WhatsApp Image 2026-04-08 at 11.23.23 AM_line_3.jpg,"Nom : Ouahchi
Prénom : Fatma Zohra
Age : 52
ORDONNANCE
- Metrox gl 500 mg -> 2 bts",ok
WhatsApp Image 2026-04-08 at 11.23.23 AM_line_4.jpg,"2 gél x 2 / j
- Debridat cp 200 -> 2 bts",ok
WhatsApp Image 2026-04-08 at 11.23.23 AM_line_5.jpg,"1 cp x 2 / j
- Lisinox cp 10 mg -> 2 bts
1 cp x 2 / j",ok
WhatsApp Image 2026-04-08 at 11.23.23 AM_line_6.jpg,"- Calcibronat eff -> 2 bts
1 eff / j
- Magnésium",ok
WhatsApp Image 2026-04-08 at 11.23.23 AM_line_7.jpg,"- Magnésium eff 300 mg -> 3 bts
1 eff / j ; le soir
- Gelfort-ande eff -> 2 bts",ok
WhatsApp Image 2026-04-08 at 11.23.23 AM_line_8.jpg,1 gel ; le matin,ok
WhatsApp Image 2026-04-08 at 11.23.23 AM_line_9.jpg,,skip
WhatsApp Image 2026-04-08 at 11.24.08 AM_line_0.jpg,,blank
WhatsApp Image 2026-04-08 at 11.24.08 AM_line_1.jpg,,blank
WhatsApp Image 2026-04-08 at 11.24.08 AM_line_10.jpg,,blank
WhatsApp Image 2026-04-08 at 11.24.08 AM_line_11.jpg,,blank
WhatsApp Image 2026-04-08 at 11.24.08 AM_line_12.jpg,,blank
WhatsApp Image 2026-04-08 at 11.24.08 AM_line_13.jpg,,skip
WhatsApp Image 2026-04-08 at 11.24.08 AM_line_14.jpg,,blank
WhatsApp Image 2026-04-08 at 11.24.08 AM_line_15.jpg,,skip
WhatsApp Image 2026-04-08 at 11.24.08 AM_line_16.jpg,,skip
WhatsApp Image 2026-04-08 at 11.24.08 AM_line_17.jpg,,skip
WhatsApp Image 2026-04-08 at 11.24.08 AM_line_18.jpg,,skip
WhatsApp Image 2026-04-08 at 11.24.08 AM_line_19.jpg,,skip
WhatsApp Image 2026-04-08 at 11.24.08 AM_line_2.jpg,,skip
WhatsApp Image 2026-04-08 at 11.24.08 AM_line_3.jpg,"الشارع الجديد بناية 134 رقم 32
الجلفة",ok
WhatsApp Image 2026-04-08 at 11.24.08 AM_line_4.jpg,,blank
WhatsApp Image 2026-04-08 at 11.24.08 AM_line_5.jpg,,blank
WhatsApp Image 2026-04-08 at 11.24.08 AM_line_6.jpg,"الحكيم : الأخضاري فيصل
طب عام
كشف بالأمواج مافوق الصوتية
تخطيط القلب",ok
WhatsApp Image 2026-04-08 at 11.24.08 AM_line_7.jpg,"مخطط القلب
أمراض النساء و الأطفال",ok
WhatsApp Image 2026-04-08 at 11.24.08 AM_line_8.jpg,"Cité 05 Juillet Bt. 14 Djelfa
Tél.: 06 63 50 82 42",ok
WhatsApp Image 2026-04-08 at 11.24.08 AM_line_9.jpg,tel:0663508242,ok
WhatsApp Image 2026-04-08 at 11.25.03 AM_line_0.jpg,,blank
WhatsApp Image 2026-04-08 at 11.25.03 AM_line_1.jpg,,blank
WhatsApp Image 2026-04-08 at 11.25.03 AM_line_2.jpg,,blank
WhatsApp Image 2026-04-08 at 11.25.03 AM_line_3.jpg,,blank
WhatsApp Image 2026-04-08 at 11.25.03 AM_line_4.jpg,,skip
WhatsApp Image 2026-04-08 at 11.25.03 AM_line_5.jpg,,skip
WhatsApp Image 2026-04-08 at 11.25.03 AM_line_6.jpg,,skip
WhatsApp Image 2026-04-08 at 11.25.03 AM_line_7.jpg,,skip
WhatsApp Image 2026-04-08 at 11.25.35 AM_line_0.jpg,,skip
WhatsApp Image 2026-04-08 at 11.25.35 AM_line_1.jpg,,skip
WhatsApp Image 2026-04-08 at 11.25.35 AM_line_2.jpg,,skip
WhatsApp Image 2026-04-08 at 11.25.35 AM_line_3.jpg,tabiflex cool,ok
WhatsApp Image 2026-04-08 at 11.25.35 AM_line_4.jpg,2 bte,ok
WhatsApp Image 2026-04-08 at 11.25.35 AM_line_5.jpg,,skip
WhatsApp Image 2026-04-08 at 11.25.35 AM_line_6.jpg,,blank
WhatsApp Image 2026-04-08 at 11.25.35 AM_line_7.jpg,,blank
WhatsApp Image 2026-04-08 at 11.26.08 AM_line_0.jpg,djelfa 773866086,ok
WhatsApp Image 2026-04-08 at 11.26.08 AM_line_1.jpg,ordonnance,ok
WhatsApp Image 2026-04-08 at 11.26.08 AM_line_10.jpg,"الشارع الجديد بناية 134 رقم 32
الجلفة",ok
WhatsApp Image 2026-04-08 at 11.26.08 AM_line_11.jpg,DJELFA,ok
WhatsApp Image 2026-04-08 at 11.26.08 AM_line_12.jpg,773866086,ok
WhatsApp Image 2026-04-08 at 11.26.08 AM_line_13.jpg,,skip
WhatsApp Image 2026-04-08 at 11.26.08 AM_line_14.jpg,ORDONNANCE,ok
WhatsApp Image 2026-04-08 at 11.26.08 AM_line_15.jpg,,skip
WhatsApp Image 2026-04-08 at 11.26.08 AM_line_16.jpg,,skip
WhatsApp Image 2026-04-08 at 11.26.08 AM_line_17.jpg,,skip
WhatsApp Image 2026-04-08 at 11.26.08 AM_line_18.jpg,,skip
WhatsApp Image 2026-04-08 at 11.26.08 AM_line_19.jpg,,skip
WhatsApp Image 2026-04-08 at 11.26.08 AM_line_2.jpg,,skip
WhatsApp Image 2026-04-08 at 11.26.08 AM_line_3.jpg,,skip
WhatsApp Image 2026-04-08 at 11.26.08 AM_line_4.jpg,Mhamed sayeh,ok
WhatsApp Image 2026-04-08 at 11.26.08 AM_line_5.jpg,gien Dentiste,ok
WhatsApp Image 2026-04-08 at 11.26.08 AM_line_6.jpg,,skip
WhatsApp Image 2026-04-08 at 11.26.08 AM_line_7.jpg,,skip
WhatsApp Image 2026-04-08 at 11.26.08 AM_line_8.jpg,جراحة الاسنان,ok
WhatsApp Image 2026-04-08 at 11.26.08 AM_line_9.jpg,VELLE B.134 N32,ok
WhatsApp Image 2026-04-09 at 6.05.33 PM (1)_line_0.jpg,,skip
WhatsApp Image 2026-04-09 at 6.05.33 PM (1)_line_1.jpg,,skip
WhatsApp Image 2026-04-09 at 6.05.33 PM (1)_line_10.jpg,,skip
WhatsApp Image 2026-04-09 at 6.05.33 PM (1)_line_11.jpg,Ne(e)en:1953,ok
WhatsApp Image 2026-04-09 at 6.05.33 PM (1)_line_12.jpg,,skip
WhatsApp Image 2026-04-09 at 6.05.33 PM (1)_line_13.jpg,ORDONNANCE,ok
WhatsApp Image 2026-04-09 at 6.05.33 PM (1)_line_14.jpg,LEVOTHYROX 75 UG COMP 1CP  le matin,ok
WhatsApp Image 2026-04-09 at 6.05.33 PM (1)_line_15.jpg,(Qsp 3 mois,ok
WhatsApp Image 2026-04-09 at 6.05.33 PM (1)_line_16.jpg,,skip
WhatsApp Image 2026-04-09 at 6.05.33 PM (1)_line_17.jpg,"Cité El Hidhab, 200 logts LSP Touali, Bt A11 n°208 - Sétif
Tél : 0550 33 52 62 / 0792 701 858",ok
WhatsApp Image 2026-04-09 at 6.05.33 PM (1)_line_18.jpg,,skip
WhatsApp Image 2026-04-09 at 6.05.33 PM (1)_line_2.jpg,,skip
WhatsApp Image 2026-04-09 at 6.05.33 PM (1)_line_3.jpg,,skip
WhatsApp Image 2026-04-09 at 6.05.33 PM (1)_line_4.jpg,,blank
WhatsApp Image 2026-04-09 at 6.05.33 PM (1)_line_5.jpg,,skip
WhatsApp Image 2026-04-09 at 6.05.33 PM (1)_line_6.jpg,,blank
WhatsApp Image 2026-04-09 at 6.05.33 PM (1)_line_7.jpg,,blank
WhatsApp Image 2026-04-09 at 6.05.33 PM (1)_line_8.jpg,"Cité El Hidhab, 200 logts LSP Touali, Bt A11 n°208 - Sétif
Tél : 0550 33 52 62 / 0792 701 858",ok
WhatsApp Image 2026-04-09 at 6.05.33 PM (1)_line_9.jpg,KECHIDA ZOULIKHA,ok
WhatsApp Image 2026-04-11 at 2.33.12 PM (1)_line_0.jpg,,skip
WhatsApp Image 2026-04-11 at 2.33.12 PM (1)_line_1.jpg,"المركز النفسي البيداغوجي للأطفال المعاقين ذهنيا - الجلفة
Centre Psychopédagogique pour Enfant Handicapés Mentaux de Djelfa

Service : CPP Date 06/04/2026
Nom de Médecin : Dr. Hamadouche Cherif
Nom et Prénom : CHIKH DJAMEL Age : 4

وصفة
ORDONNANCE",ok
WhatsApp Image 2026-04-11 at 2.33.12 PM (1)_line_2.jpg,"1/ **Glarus 100 U/ml**
12 UI / le soir

2/ **Apidra Solostar**",ok
WhatsApp Image 2026-04-11 at 2.33.12 PM (1)_line_3.jpg,"12 UI / midi 08 UI / le soir
3/ **Glucophage 850 mg**
1 cp x 2 / j
4/ **vit B1 B6 cp**
1 cp / j
QSP 03 mois",ok
WhatsApp Image 2026-04-11 at 2.33.12 PM (1)_line_4.jpg,"1 cp / j
5/ **vit E cp**
1 cp x 2 / j
6/ **Zentiva cp**
1 cp / j

**Donnez Votre Sang Pour Sauver Une Vie**",ok
WhatsApp Image 2026-04-11 at 2.33.12 PM (1)_line_5.jpg,,skip
WhatsApp Image 2026-04-11 at 2.33.12 PM (1)_line_6.jpg,,skip
WhatsApp Image 2026-04-11 at 2.33.12 PM (1)_line_7.jpg,,skip
WhatsApp Image 2026-04-11 at 2.33.12 PM (1)_line_8.jpg,,skip
WhatsApp Image 2026-04-11 at 2.33.12 PM (1)_line_9.jpg,,skip
WhatsApp Image 2026-04-11 at 2.33.12 PM (2)_line_0.jpg,"**الحكيم : فـلاك موسـى**
أخصائي في الأمراض السكري
الغدد والأمراض الأيضية

Djelfa le : 06/04/26
Nom : Brahimi
Prénom : Aicha
Age : 46
N° 00676

**ORDONNANCE**

QSP 3 mois

**Stamp (Blue):**
PHARMACIE
GROUZAT Soulef

**Stamp (Red):**
Dr. FELLAK MOUSSA
Spécialiste en Diabétologie
Endocrinologie et Maladies Métaboliques",ok
WhatsApp Image 2026-04-11 at 2.33.12 PM (2)_line_1.jpg,"**Dr. FELLAK Moussa**
Spécialiste en endocrinologie
Diabétologie
Maladies métaboliques
N° d'ordre : 170915
Mob : 0555 71 61 90

Nom : ............... Prénom : Guemmou
Age : 36

**ORDONNANCE**

1/ **Epanutin 100 mg** ----------------- 1 cp x 3 / j
2/ **Pravad 20 mg** ------------------- 1 cp / j le soir
3/ **Zentiva 10 mg** ------------------ 1 cp / j le matin
4/ **Hyperium 1 mg** ------------------ 2 cp / j
5/ **Isoten 10 mg** ------------------- 1 cp / j

QSP 2 mois",ok
WhatsApp Image 2026-04-11 at 2.33.12 PM (2)_line_2.jpg,"1/ **Novorapid Flexpen**
13 UI / matin
14 UI / midi
15 UI / soir

2/ **Toujeo SoloStar**
30 UI / soir",ok
WhatsApp Image 2026-04-11 at 2.33.12 PM (2)_line_3.jpg,,skip
WhatsApp Image 2026-04-11 at 2.33.12 PM (2)_line_4.jpg,,skip
WhatsApp Image 2026-04-11 at 2.33.12 PM (2)_line_5.jpg,,skip
WhatsApp Image 2026-04-11 at 2.33.12 PM (2)_line_6.jpg,,skip
WhatsApp Image 2026-04-11 at 2.33.12 PM (2)_line_7.jpg,,skip
WhatsApp Image 2026-04-11 at 2.33.12 PM (2)_line_8.jpg,,skip
WhatsApp Image 2026-04-11 at 2.33.12 PM (2)_line_9.jpg,,skip
WhatsApp Image 2026-04-11 at 2.33.12 PM_line_0.jpg,,skip
WhatsApp Image 2026-04-11 at 2.33.12 PM_line_1.jpg,"REPUBLIQUE ALGERIENNE DEMOCRATIQUE ET POPULAIRE
MINISTERE DE LA SANTE
EPH MOHAD ABDELKADER
المؤسسة العمومية الاستشفائية محاد عبد القادر

**ORDONNANCE**

Nom : **BOKHROUCH**
Prénom : **Nessrine**
Age : **12 ans**
Date : **07/04/2026**

1/ **Augmentin sach 1g**
**QSP**...",ok
WhatsApp Image 2026-04-11 at 2.33.12 PM_line_2.jpg,"- **Augmentin sach 1g** ----------------- **QSP 10 j**
  01 sachet x 2 / j
- **Doliprane cp 500** ------------------ **01 bt**
  01 cp x 4 / j
- **Edol 1g** --------------------------- **01 bt**
  01 supp
- **Histagan sirop** -------------------- **01 fl**

**Stamp (Blue):**
PHARMACIE
GROUZAT Soulef",ok
WhatsApp Image 2026-04-11 at 2.33.12 PM_line_3.jpg,"01 cas x 2 / j
- **Cicatryl pmt** ----------------- **01 bt**
  01 app / j
- **Doliprane 300 mg** ------------- **01 bt**
  01 supp x 2 / j
- **Gaviscon susp buv** ------------ **01 fl**
  01 cas x 3 / j",ok
WhatsApp Image 2026-04-11 at 2.33.12 PM_line_4.jpg,"- **Gaviscon susp buv** ----------- **01 fl**
  01 cas x 3 / j

Page 1/1",ok
WhatsApp Image 2026-04-11 at 2.33.12 PM_line_5.jpg,,skip
WhatsApp Image 2026-04-11 at 2.33.12 PM_line_6.jpg,,skip
WhatsApp Image 2026-04-11 at 2.33.12 PM_line_7.jpg,,skip
WhatsApp Image 2026-04-11 at 2.33.12 PM_line_8.jpg,,skip
WhatsApp Image 2026-04-11 at 2.33.12 PM_line_9.jpg,,skip
WhatsApp Image 2026-04-11 at 2.33.13 PM_line_0.jpg,,skip
WhatsApp Image 2026-04-11 at 2.33.13 PM_line_1.jpg,"**عيادة طبية**
**الدكتور: موفق أحمد**
**طبيب محلف**

**Dr. MOUFFOK Ahmed**
**Médecin Omnipraticien - Assermenté -**
**N° d'Ordre : 170089**
**Cité des Jardins Cage 05/25 DJELFA**

حي الحدائق عمارة 05/25 الجلفة
الهاتف: 16 02 70 020
هاتف النقال: 56 00 10 0665

Djelfa, le **06/04/2026**
Nom : **BOKHROUCH**
Prénom : **Nessrine**
Age : **12**",ok
WhatsApp Image 2026-04-11 at 2.33.13 PM_line_2.jpg,"**ORDONNANCE**

1/ **Atarax 25 mg cp** ----------------- **01 bt**
01 cp / soir

2/ **Lisinox 40 mg gel** ---------------- **01 bt**
01 gel / j

3/ **Vit D3 inj** ----------------------- **N° 03**
01 inj / 15 j

4/ **Zinc + vit C gel** ----------------- **01 bt**",ok
WhatsApp Image 2026-04-11 at 2.33.13 PM_line_3.jpg,"4/ **Zinc + vit C gel** ----------------- **01 bt**
01 gel / j

5/ **Noflam cp** ----------------------- **01 bt**
1 cp x 2 / j

6/ **Doliprane 1g** --------------------- **2 bts**
1 cp x 2 / j

7/ **Magnésium eff** ------------------- **01 bt**
1 eff / soir",ok
WhatsApp Image 2026-04-11 at 2.33.13 PM_line_4.jpg,,skip
WhatsApp Image 2026-04-11 at 2.33.13 PM_line_5.jpg,,skip
WhatsApp Image 2026-04-11 at 2.33.13 PM_line_6.jpg,,skip
WhatsApp Image 2026-04-11 at 2.33.13 PM_line_7.jpg,,skip
WhatsApp Image 2026-04-11 at 2.33.13 PM_line_8.jpg,,skip
WhatsApp Image 2026-04-11 at 2.33.13 PM_line_9.jpg,,skip
WhatsApp Image 2026-04-21 at 1.48.18 PM (1)_line_0.jpg,**عيادة الإحسان لجراحة العظام والمفاصل**,ok
WhatsApp Image 2026-04-21 at 1.48.18 PM (1)_line_1.jpg,"**DR. DEBRI HADJ OTHMANE**
Spécialiste en Chirurgie
Orthopédique et Traumatologique
Mob : 05 50 47 57 75
N° d'Ordre 16-11584

**الحكيم دبري الحاج عثمان**
مختص في جراحة العظام
والمفاصل

Alger le : **15 AVR. 2026**
Nom : **Rahmouni**
Prénom : **Samira**
Age : **40**",ok
WhatsApp Image 2026-04-21 at 1.48.18 PM (1)_line_2.jpg,1/ Ostonel cp 35 1 cp / semaine QSP 03 mois,ok
WhatsApp Image 2026-04-21 at 1.48.18 PM (1)_line_3.jpg,"2/ Calcium sachet
1 sachet x 2 / j

3/ Vit D amp----------------------- 03 amp
1 amp / 15 j",ok
WhatsApp Image 2026-04-21 at 1.48.18 PM (1)_line_4.jpg,"4/ **Linuac cp**
1 cp / j

5/ **Xydol cp 500**
1 cp x 2 / j",ok
WhatsApp Image 2026-04-21 at 1.48.18 PM (1)_line_5.jpg,"6/ **Baclofene cp**
1/2 cp x 2 / j

Hai El Louz (Kartalla) Baba Hassen

**Stamp:**
**Dr. DEBRI HADJ OTHMANE**
Spécialiste en Chirurgie Orthopédique Traumatologie
Cité Urbaine N° 60 Bt C Baba Hassen
ALGER N° 11584/16
dr.hadjothmane@gmail.com",ok
WhatsApp Image 2026-04-21 at 1.48.18 PM (1)_line_6.jpg,,skip
WhatsApp Image 2026-04-21 at 1.48.18 PM (1)_line_7.jpg,6/ Baclon cp 10 1 cp x 2 / j,skip
WhatsApp Image 2026-04-21 at 1.48.18 PM (1)_line_8.jpg,,skip
WhatsApp Image 2026-04-21 at 1.48.18 PM (1)_line_9.jpg,,skip
WhatsApp Image 2026-04-21 at 1.48.18 PM_line_0.jpg,"**Dr. MOHAND-AMER . N**
Chirurgien Urologue
Chirurgie des Reins des voies Urinaires
Chirurgie endoscopique de la Vessie et de la prostate
Stérilité masculine

**د. موحند أعمر . ن**
جراحة الكلى و المسالك البولية
جراحة البروستات بالمنظار",ok
WhatsApp Image 2026-04-21 at 1.48.18 PM_line_1.jpg,"Stérilité masculine – Echographie
N° d'ordre : 170787

Djelfa, le ...
Nom : **Kouadri**
Prénom : **Amar**

**ORDONNANCE**

**Froxal** ...",ok
WhatsApp Image 2026-04-21 at 1.48.18 PM_line_2.jpg,"1/ **Froxal cp**
1 cp x 2 / j

2/ **Prostamix 160**
1 cp x 2 / j

3/ **Divido cp 75**
1 cp x 2 / j

**QSP 03 mois**",ok
WhatsApp Image 2026-04-21 at 1.48.18 PM_line_3.jpg,"4/ Artiges 20
1 cp x 2 / j

5/ Diproston 500",ok
WhatsApp Image 2026-04-21 at 1.48.18 PM_line_4.jpg,"5/ **Diproston 500**
1 cp x 2 / j

6/ **Diflucan 50**
1 gél / 10 j",ok
WhatsApp Image 2026-04-21 at 1.48.18 PM_line_5.jpg,TELFAST,ok
WhatsApp Image 2026-04-21 at 1.48.18 PM_line_6.jpg,6/ Diflucan 50 1 cp / j,skip
WhatsApp Image 2026-04-21 at 1.48.18 PM_line_7.jpg,,skip
WhatsApp Image 2026-04-21 at 1.48.18 PM_line_8.jpg,,skip
WhatsApp Image 2026-04-21 at 1.48.18 PM_line_9.jpg,,skip
WhatsApp Image 2026-04-21 at 1.48.19 PM (1)_line_0.jpg,"**Dr. AISSIOU Brahim**
Spécialiste des Maladies du Cœur et des Vaisseaux
Hypertension – Artérielle
Echo Doppler Cardiaque Et Vasculaire

**د. عيسيو ابراهيم**
أخصائي أمراض القلب والشرايين
ارتفاع ضغط الدم
إيكو دوبلر للقلب والأوعية الدموية",ok
WhatsApp Image 2026-04-21 at 1.48.19 PM (1)_line_1.jpg,"Adresse : **Cité Chahid Bouabdallah Villa N° 07 face Hôpital Djelfa - Nouvelle**
Mob : **0793.78.50.63**

Nom : **Ben Saad**
Prénom : **Abdelkader**
Année de naissance : **1960**",ok
WhatsApp Image 2026-04-21 at 1.48.19 PM (1)_line_2.jpg,"1/ **Hytaax 10 / 12.5**
01 cp

2/ **Loxen LP 50**
1/2 cp",ok
WhatsApp Image 2026-04-21 at 1.48.19 PM (1)_line_3.jpg,"1 cp x 2 / j

3/ **Aspirine cp 100**
1 cp",ok
WhatsApp Image 2026-04-21 at 1.48.19 PM (1)_line_4.jpg,"4/ Atenor cp 100
1 / j

QSP ...",ok
WhatsApp Image 2026-04-21 at 1.48.19 PM (1)_line_5.jpg,5/ Tahor 40 mg 1 cp.,ok
WhatsApp Image 2026-04-21 at 1.48.19 PM (1)_line_6.jpg,,skip
WhatsApp Image 2026-04-21 at 1.48.19 PM (1)_line_7.jpg,,skip
WhatsApp Image 2026-04-21 at 1.48.19 PM (1)_line_8.jpg,,skip
WhatsApp Image 2026-04-21 at 1.48.19 PM (1)_line_9.jpg,,skip
WhatsApp Image 2026-04-21 at 1.48.19 PM (2)_line_0.jpg,20/04/2026,skip
WhatsApp Image 2026-04-21 at 1.48.19 PM (2)_line_1.jpg,"**ولاية الجلفة**
**المؤسسة العمومية للصحة الجوارية بالجلفة**
**مصلحة :** ........................................ الجلفة في: 20/04/2026

**[ختم أحمر / Red Stamp]**
المؤسسة العمومية للصحة الجوارية بالجلفة
قاعة العلاج حي ...

**[في الأسفل / At the bottom]**
**وصفة طبية** (جزء منها ظاهر / partially visible)",ok
WhatsApp Image 2026-04-21 at 1.48.19 PM (2)_line_2.jpg,"1- Zomax 500 (01 bte) 01 cp / j وصفة طبية
سلمت من طرف الطبيب : ...................................
السيد : Filali .................... العمر : (A)
الساكن : Mebarek ......................................",ok
WhatsApp Image 2026-04-21 at 1.48.19 PM (2)_line_3.jpg,"01 cp / 12 h

2/ **Smecta sac / 01**",ok
WhatsApp Image 2026-04-21 at 1.48.19 PM (2)_line_4.jpg,3- Doliprane 500 (01 bte) 01 cp x 3 / j,ok
WhatsApp Image 2026-04-21 at 1.48.19 PM (2)_line_5.jpg,4- Telfast 180 (01 bte) 1 cp / j,ok
WhatsApp Image 2026-04-21 at 1.48.19 PM (2)_line_6.jpg,,skip
WhatsApp Image 2026-04-21 at 1.48.19 PM (2)_line_7.jpg,,skip
WhatsApp Image 2026-04-21 at 1.48.19 PM (2)_line_8.jpg,,skip
WhatsApp Image 2026-04-21 at 1.48.19 PM (2)_line_9.jpg,,skip
WhatsApp Image 2026-04-21 at 1.48.19 PM (3)_line_0.jpg,,skip
WhatsApp Image 2026-04-21 at 1.48.19 PM (3)_line_1.jpg,,skip
WhatsApp Image 2026-04-21 at 1.48.19 PM (3)_line_2.jpg,"**ولاية الجلفة**
**المؤسسة الإستشفائية المتخصصة**
**مركز مكافحة السرطان المجاهد -**
**العقيد أحمد بن الشريف**

الجلفة في : **19/04/2026**",ok
WhatsApp Image 2026-04-21 at 1.48.19 PM (3)_line_3.jpg,"**العقيد أحمد بن الشريف**
مصلحة : ..............................................

**N° d'ordre** .............................................. **: رقم ترتيب الطبيب**
**Nom et Prénom** **CHALALI Ahmed lakhal** **: الاسم و اللقب**
**Age**......... **65 ans** .............................................. **: السن**",ok
WhatsApp Image 2026-04-21 at 1.48.19 PM (3)_line_4.jpg,ORDONNANCE,ok
WhatsApp Image 2026-04-21 at 1.48.19 PM (3)_line_5.jpg,"3/ **Tamsul cp 0,4** ------------------ **03 bts**
01 cp / le soir à 18h",ok
WhatsApp Image 2026-04-21 at 1.48.19 PM (3)_line_6.jpg,,skip
WhatsApp Image 2026-04-21 at 1.48.19 PM (3)_line_7.jpg,,skip
WhatsApp Image 2026-04-21 at 1.48.19 PM (3)_line_8.jpg,,skip
WhatsApp Image 2026-04-21 at 1.48.19 PM (3)_line_9.jpg,,skip
WhatsApp Image 2026-04-21 at 1.48.19 PM (4)_line_0.jpg,21/04/2026,skip
WhatsApp Image 2026-04-21 at 1.48.19 PM (4)_line_1.jpg,"**Sûreté de la Wilaya de Djelfa**
**Centre médico-social** djelfa le : **20...**

**ORDONNANCE**

**[ختم أحمر / Red Stamp]**
**طبيب عام للأمن الوطني**
.................................................. طرف الطبيب :
**Tidjani Med** ................................... العمر : **(A)**ADULT",ok
WhatsApp Image 2026-04-21 at 1.48.19 PM (4)_line_2.jpg,1- Augmentin sachet 0.5g 01 sachet 02 / j  • Paracetamol,ok
WhatsApp Image 2026-04-21 at 1.48.19 PM (4)_line_3.jpg,"• **Paracetamol 500mg**
01 cp 03 / j

• **Toplexil sirop**
01 c à m 03 / j

**[Stamp]**
PHARM[ACIE]
GROUZA[T]",ok
WhatsApp Image 2026-04-21 at 1.48.19 PM (4)_line_4.jpg,"• **Nasacort pulv**
01 pulv / nez

**[Stamp]**
GROUZA[...]
Cité 5 Jouillet [...]
N° 04 - W.D[...]",ok
WhatsApp Image 2026-04-21 at 1.48.19 PM (4)_line_5.jpg,4- Nasacort pulv 01 pulv / nez,skip
WhatsApp Image 2026-04-21 at 1.48.19 PM (4)_line_6.jpg,,skip
WhatsApp Image 2026-04-21 at 1.48.19 PM (4)_line_7.jpg,,skip
WhatsApp Image 2026-04-21 at 1.48.19 PM (4)_line_8.jpg,,skip
WhatsApp Image 2026-04-21 at 1.48.19 PM (4)_line_9.jpg,,skip
WhatsApp Image 2026-04-21 at 1.48.19 PM (5)_line_0.jpg,17/02/2026,skip
WhatsApp Image 2026-04-21 at 1.48.19 PM (5)_line_1.jpg,"**ولاية الجلفة**
**المؤسسة العمومية للصحة الجوارية بالجلفة**
**مصلحة :** ........................................ الجلفة في: **17/02/2026**

**[ختم أحمر / Red Stamp]**
الطبيب : ... محمد ...",ok
WhatsApp Image 2026-04-21 at 1.48.19 PM (5)_line_2.jpg,"**[ختم أحمر / Red Stamp]**
الطبيب : ... بومدين محمد ...
أستاذ إستشفائي جامعي ...

**وصفة طبية**
سلمت من طرف الطبيب : ...................................
السيد : **CHADDAD** .................... العمر : **75**
الساكن : **Belkheir** ......................................",ok
WhatsApp Image 2026-04-21 at 1.48.19 PM (5)_line_3.jpg,"1/ **Tamsul 0,4**",ok
WhatsApp Image 2026-04-21 at 1.48.19 PM (5)_line_4.jpg,"1 cp / j

2/ **Prostamix**

**Q S P 03 mois**

**[Stamp (Blue):]**
... GROUZAT Soulef
Cité 5 Jouillet Bloc ...
... - W.DJELFA",ok
WhatsApp Image 2026-04-21 at 1.48.19 PM (5)_line_5.jpg,"2/ **Prostamix**
1 cp / j

**[ختم أحمر / Red Stamp]**
الطبيب : ... بومدين محمد ...
... الجوارية بالجلفة ...",ok
WhatsApp Image 2026-04-21 at 1.48.19 PM (5)_line_6.jpg,,skip
WhatsApp Image 2026-04-21 at 1.48.19 PM (5)_line_7.jpg,,skip
WhatsApp Image 2026-04-21 at 1.48.19 PM (5)_line_8.jpg,,skip
WhatsApp Image 2026-04-21 at 1.48.19 PM (5)_line_9.jpg,,skip
WhatsApp Image 2026-04-21 at 1.48.19 PM (6)_line_0.jpg,20/04/2026,skip
WhatsApp Image 2026-04-21 at 1.48.19 PM (6)_line_1.jpg,Hamdi Ahmed Age 50  CIPROLON 500 MG,ok
WhatsApp Image 2026-04-21 at 1.48.19 PM (6)_line_2.jpg,"**1 cp 2 f / j**

- **Fucidine 250 cp** ........................ **N=04 bt**
**2 cp 2 f / j**

- **Fucidine pom**",ok
WhatsApp Image 2026-04-21 at 1.48.19 PM (6)_line_3.jpg,"- **Antag**
1 cp 2 f / j

- **Amoxicilline 1g**",ok
WhatsApp Image 2026-04-21 at 1.48.19 PM (6)_line_5.jpg,,skip
WhatsApp Image 2026-04-21 at 1.48.19 PM (6)_line_6.jpg,5/ Amoxicilline 1 g 1 / j,skip
WhatsApp Image 2026-04-21 at 1.48.19 PM (6)_line_7.jpg,6/ Flagyl 500 mg 1 / j,skip
WhatsApp Image 2026-04-21 at 1.48.19 PM (6)_line_8.jpg,7/ Ercefuryl cp 1 / j,skip
WhatsApp Image 2026-04-21 at 1.48.19 PM (6)_line_9.jpg,,skip
WhatsApp Image 2026-04-21 at 1.48.19 PM_line_0.jpg,21 AVR 2026,skip
WhatsApp Image 2026-04-21 at 1.48.19 PM_line_1.jpg,Habri Zahra Age 40,ok
WhatsApp Image 2026-04-21 at 1.48.19 PM_line_2.jpg,1/ Meteoxane 1 cp x 3 / j,ok
WhatsApp Image 2026-04-21 at 1.48.19 PM_line_3.jpg,2/ Riabal cp 1 cp x 3 / j   2/• Nifuroxazide gél,ok
WhatsApp Image 2026-04-21 at 1.48.19 PM_line_4.jpg,Duphalac,ok
WhatsApp Image 2026-04-21 at 1.48.19 PM_line_5.jpg,5/ Sulpiride gel 50 1 gel x 3 / j,ok
WhatsApp Image 2026-04-21 at 1.48.19 PM_line_6.jpg,,skip
WhatsApp Image 2026-04-21 at 1.48.19 PM_line_7.jpg,,skip
WhatsApp Image 2026-04-21 at 1.48.19 PM_line_8.jpg,,skip
WhatsApp Image 2026-04-21 at 1.48.19 PM_line_9.jpg,,skip
WhatsApp Image 2026-04-21 at 1.48.20 PM_line_0.jpg,20/04/2026 R... Nessrine,skip
WhatsApp Image 2026-04-21 at 1.48.20 PM_line_1.jpg,"**REPUBLIQUEALGERIENNEDEMOCRATIQUEETPOPULAIRE MINISTERE**
**DE LA SANTE**

[ETABL]ISSEMENT PUBLIC HOSPITALIER         **المؤسسة العمومية الإستشفائية المجاهد محاد**
[MAH]AD ABDELKADER DE DJELFA

**ORDONNANCE**",ok
WhatsApp Image 2026-04-21 at 1.48.20 PM_line_2.jpg,"Nom : **RAHAIE Nessh...** ............. Date : **20/04/2026**
Age : **(A)**

- **Augmentin cp 1g** ------------------ **02 bts**",ok
WhatsApp Image 2026-04-21 at 1.48.20 PM_line_3.jpg,"**1 cp 2 f / j**

- **Lomec gél 20** ------------------ **02 bts**
**01 gél / j**",ok
WhatsApp Image 2026-04-21 at 1.48.20 PM_line_4.jpg,"3/ Paracetamol cp 1g 1 cp x 3 / j (01 bte)
4/ Flagyl cp 500 (02 btes)",ok
WhatsApp Image 2026-04-21 at 1.48.20 PM_line_5.jpg,4/ **Flagyl cp 500** 1 cp x 2 / j (02 btes),ok
WhatsApp Image 2026-04-21 at 1.48.20 PM_line_6.jpg,,skip
WhatsApp Image 2026-04-21 at 1.48.20 PM_line_7.jpg,,skip
WhatsApp Image 2026-04-21 at 1.48.20 PM_line_8.jpg,,skip
WhatsApp Image 2026-04-21 at 1.48.20 PM_line_9.jpg,,skip
WhatsApp Image 2026-04-23 at 10.07.49 AM (1)_line_0.jpg,04 AVR 2026,skip
WhatsApp Image 2026-04-23 at 10.07.49 AM (1)_line_1.jpg,"### **عيادة الإحسان لجراحة العظام والمفاصل**

**DR. DEBRI HADJ OTHMANE** .................... **الحكيم دبري الحاج عثمان**
**Spécialiste en Chirurgie** .................... **مختص في جراحة العظام**
**Orthopédique et Traumatologique** .................... **والمفاصل**

**Mob : 05 50 47 57 75**",ok
WhatsApp Image 2026-04-23 at 10.07.49 AM (1)_line_2.jpg,"Nom : Brahmani Prénom : Faiza Age : (A)
Alger le : 04/04/2026

Ordonnance",ok
WhatsApp Image 2026-04-23 at 10.07.49 AM (1)_line_3.jpg,2/ Profenid cp 200 1 cp / j 02 btes  1/lisinox 3 cp  01bte,ok
WhatsApp Image 2026-04-23 at 10.07.49 AM (1)_line_4.jpg,3/ Myorelax cp 150 1 cp x 2 / j 02 btes  4/ Mag 2 cp 300 (01 bte),ok
WhatsApp Image 2026-04-23 at 10.07.49 AM (1)_line_5.jpg,,skip
WhatsApp Image 2026-04-23 at 10.07.49 AM (1)_line_6.jpg,,skip
WhatsApp Image 2026-04-23 at 10.07.49 AM (1)_line_7.jpg,,skip
WhatsApp Image 2026-04-23 at 10.07.49 AM (1)_line_8.jpg,,skip
WhatsApp Image 2026-04-23 at 10.07.49 AM (1)_line_9.jpg,,skip
WhatsApp Image 2026-04-23 at 10.07.49 AM (2)_line_0.jpg,05/04/2026,skip
WhatsApp Image 2026-04-23 at 10.07.49 AM (2)_line_1.jpg,Sid Aicha Age A,skip
WhatsApp Image 2026-04-23 at 10.07.49 AM (2)_line_2.jpg,1/ Clamoxyl 1g 1 g x 2 / j 02 b pendant 06 j,ok
WhatsApp Image 2026-04-23 at 10.07.49 AM (2)_line_3.jpg,2/ Flagyl cp 500 1 cp x 3 / j 01 b,ok
WhatsApp Image 2026-04-23 at 10.07.49 AM (2)_line_4.jpg,3/ Sapofen cp 400 1 cp x 2 / j 01 b pendant 03 j 4/ Hextril bb 1 g x 3 / j 01 fl pendant 05 j,ok
WhatsApp Image 2026-04-23 at 10.07.49 AM (2)_line_5.jpg,,skip
WhatsApp Image 2026-04-23 at 10.07.49 AM (2)_line_6.jpg,,skip
WhatsApp Image 2026-04-23 at 10.07.49 AM (2)_line_7.jpg,,skip
WhatsApp Image 2026-04-23 at 10.07.49 AM (2)_line_8.jpg,,skip
WhatsApp Image 2026-04-23 at 10.07.49 AM (2)_line_9.jpg,,skip
WhatsApp Image 2026-04-23 at 10.07.49 AM (3)_line_0.jpg,18/04/2026,skip
WhatsApp Image 2026-04-23 at 10.07.49 AM (3)_line_1.jpg,"**Dr. MIZAT MOHAMED** .................... **الدكتور ميزات محمد**
**Spécialiste en pédiatrie** .................... **أخصائي في طب الأطفال**
**et Néonatologie** .................... **و حديثي الولادة**",ok
WhatsApp Image 2026-04-23 at 10.07.49 AM (3)_line_2.jpg,"Nom : REBHI Prénom : Mohamed Achraf Age : 1 an 10 m
Djelfa le : 18/04/2026

ORDONNANCE   1/ Clamoxyl sirop 500mg 1 c.m 2x/j QSP 10 jours",ok
WhatsApp Image 2026-04-23 at 10.07.49 AM (3)_line_3.jpg,2/ Flagyl sirop 125mg 1 c.m 3x/j pendant 5 jours,ok
WhatsApp Image 2026-04-23 at 10.07.49 AM (3)_line_4.jpg,3/ Urgo aphtes Filmogel 2x/j pendant 5 jours,ok
WhatsApp Image 2026-04-23 at 10.07.49 AM (3)_line_5.jpg,,skip
WhatsApp Image 2026-04-23 at 10.07.49 AM (3)_line_6.jpg,,skip
WhatsApp Image 2026-04-23 at 10.07.49 AM (3)_line_7.jpg,,skip
WhatsApp Image 2026-04-23 at 10.07.49 AM (3)_line_8.jpg,,skip
WhatsApp Image 2026-04-23 at 10.07.49 AM (3)_line_9.jpg,,skip
WhatsApp Image 2026-04-23 at 10.07.49 AM_line_0.jpg,30 MARS 2026,skip
WhatsApp Image 2026-04-23 at 10.07.49 AM_line_1.jpg,,skip
WhatsApp Image 2026-04-23 at 10.07.49 AM_line_2.jpg,1/ Antag gel 20 mg 02 1 gel x 2 / j,ok
WhatsApp Image 2026-04-23 at 10.07.49 AM_line_3.jpg,"2/ Xydol 400 02 1 cp x 3 / j 3/ Surfort cp 1 - 1 (02 btes)
4/ Calci-surfort cp 1 - 1bte",ok
WhatsApp Image 2026-04-23 at 10.07.49 AM_line_4.jpg,"5/ efferalgant Vit C efferv  (02 btes)
6/ Debridat 200  (02 btes)
7/ Sulpiride 50  (02 btes)",ok
WhatsApp Image 2026-04-23 at 10.07.49 AM_line_5.jpg,4/ Calcibronat cp 02 1 cp / j,skip
WhatsApp Image 2026-04-23 at 10.07.49 AM_line_6.jpg,5/ Efferalgan vit c eff 02 1 cp / j,skip
WhatsApp Image 2026-04-23 at 10.07.49 AM_line_7.jpg,6/ Debridat 200 01 1 cp x 2 / j,skip
WhatsApp Image 2026-04-23 at 10.07.49 AM_line_8.jpg,7/ Supradyn mg cp 1 cp / j,skip
WhatsApp Image 2026-04-23 at 10.07.49 AM_line_9.jpg,,skip
WhatsApp Image 2026-04-23 at 10.09.01 AM_line_0.jpg,15/04/2026,skip
WhatsApp Image 2026-04-23 at 10.09.01 AM_line_1.jpg,Ammouri Amer Age A,skip
WhatsApp Image 2026-04-23 at 10.09.01 AM_line_2.jpg,1/ Tresiba 20 UI 15h,ok
WhatsApp Image 2026-04-23 at 10.09.01 AM_line_3.jpg,2/ Novorapid 16 UI x 3 / j 3/ Bandelettes react 1 bte 6x / j,ok
WhatsApp Image 2026-04-23 at 10.09.01 AM_line_4.jpg,4/ Levothyrox 100 mg 1 cp / j 5/ Levothyrox 75 mg 1 cp / j QSP 03 mois,ok
WhatsApp Image 2026-04-23 at 10.09.01 AM_line_5.jpg,,ok
WhatsApp Image 2026-04-23 at 10.09.01 AM_line_6.jpg,,skip
WhatsApp Image 2026-04-23 at 10.09.01 AM_line_7.jpg,,skip
WhatsApp Image 2026-04-23 at 10.09.01 AM_line_8.jpg,,skip
WhatsApp Image 2026-04-23 at 10.09.01 AM_line_9.jpg,,skip
WhatsApp Image 2026-04-23 at 10.11.16 AM_line_0.jpg,,skip
WhatsApp Image 2026-04-23 at 10.11.16 AM_line_1.jpg,Ben Degfal Rahma Age A,skip
WhatsApp Image 2026-04-23 at 10.11.16 AM_line_2.jpg,1- Glucophage 1000 mg 1 cp 3 / j,ok
WhatsApp Image 2026-04-23 at 10.11.16 AM_line_3.jpg,"2- Diaglinid 0,5 mg 1 cp 2 / j 3- Bandelettes react 1 bte test",ok
WhatsApp Image 2026-04-23 at 10.11.16 AM_line_4.jpg,5- Aspr cardio 100 mg 1 cp / j QSP 03 mois bandlettes reactives,ok
WhatsApp Image 2026-04-23 at 10.11.16 AM_line_5.jpg,,skip
WhatsApp Image 2026-04-23 at 10.11.16 AM_line_6.jpg,,skip
WhatsApp Image 2026-04-23 at 10.11.16 AM_line_7.jpg,,skip
WhatsApp Image 2026-04-23 at 10.11.16 AM_line_8.jpg,,skip
WhatsApp Image 2026-04-23 at 10.11.16 AM_line_9.jpg,,skip
WhatsApp Image 2026-04-23 at 10.17.22 AM (1)_line_0.jpg,"Ain Oussera, le 19/04/2026",skip
WhatsApp Image 2026-04-23 at 10.17.22 AM (1)_line_1.jpg,"**Dr. Arfa Abdelkarim** .................... **الدكتور عرفة عبد الكريم**
**Chirurgien Urologue** .................... **طبيب مختص في جراحة الكلى والمسالك البولية**

---

### **Spécialités / التخصصات**

* **Maladies et Chirurgie des Reins et des voies Urinaires** / طب وجراحة الكلى والمسالك البولية والجهاز التناسلي
* **Cancers Urologiques** / جراحة سرطان الكلى والمسالك البولية
* **Impuissance et Stérilité Masculine** / الضعف الجنسي والعقم عند الرجل
* **Chirurgie endoscopique (Echographie - Biopsies Prostatiques)** / جراحة البروستات والمثانة بالمنظار (إيكوغرافية - خزعة البروستات)
* **Pulvérisation des calculs par endoscopie laser** / تفتيت حصى الكلى والمسالك البولية بالليزر عن طريق المنظار
* **Incontinence urinaire - Circoncision** / السلس البولي - ختان الأطفال

---

**Tél : 0797.85.24.05 / 0557.79.33.83**",ok
WhatsApp Image 2026-04-23 at 10.17.22 AM (1)_line_2.jpg,1/ Augmentin sirop 1 dose de poids 3x / j 02 bts,ok
WhatsApp Image 2026-04-23 at 10.17.22 AM (1)_line_3.jpg,2/ Fungizone susp 1 amp 2x / j 01 fl 3/ Efferalgan sirop 1 dose de poids / 6h 01 fl,ok
WhatsApp Image 2026-04-23 at 10.17.22 AM (1)_line_4.jpg,4/ Dactarin pommade 1 app / j 02 bts 5/ Fucidine 1 app soir 01,ok
WhatsApp Image 2026-04-23 at 10.17.22 AM (1)_line_5.jpg,5/ Fucidine 1 app soir 01,ok
WhatsApp Image 2026-04-23 at 10.17.22 AM (1)_line_6.jpg,,skip
WhatsApp Image 2026-04-23 at 10.17.22 AM (1)_line_7.jpg,,skip
WhatsApp Image 2026-04-23 at 10.17.22 AM (1)_line_8.jpg,,skip
WhatsApp Image 2026-04-23 at 10.17.22 AM (1)_line_9.jpg,,skip
WhatsApp Image 2026-04-23 at 10.17.22 AM (2)_line_0.jpg,,skip
WhatsApp Image 2026-04-23 at 10.17.22 AM (2)_line_1.jpg,,skip
WhatsApp Image 2026-04-23 at 10.17.22 AM (2)_line_2.jpg,1- Augmentin sirop enf 1 s x 2 / j 02 btes,ok
WhatsApp Image 2026-04-23 at 10.17.22 AM (2)_line_3.jpg,2- Maxilase sp 01 cc x 3 / j 01 bte,ok
WhatsApp Image 2026-04-23 at 10.17.22 AM (2)_line_4.jpg,3- Doliprane supp 300 1 supp x 2 / j 01 bte,ok
WhatsApp Image 2026-04-23 at 10.17.22 AM (2)_line_5.jpg,4- Toplexil sip 01 cc x 3 / j 01 bte,ok
WhatsApp Image 2026-04-23 at 10.17.22 AM (2)_line_6.jpg,,skip
WhatsApp Image 2026-04-23 at 10.17.22 AM (2)_line_7.jpg,,skip
WhatsApp Image 2026-04-23 at 10.17.22 AM (2)_line_8.jpg,,skip
WhatsApp Image 2026-04-23 at 10.17.22 AM (2)_line_9.jpg,,skip
WhatsApp Image 2026-04-23 at 10.17.22 AM (3)_line_0.jpg,,skip
WhatsApp Image 2026-04-23 at 10.17.22 AM (3)_line_1.jpg,"**Dr. BABACI Mourad** .................... **الدكتور باباسي مراد**
**Médecin Spécialiste en O.R.L** .................... **طبيب جراح مختص في أمراض الأذن - الأنف - الحنجرة - الرقبة والرأس**

---

### **Spécialités / التخصصات**

* **Maladies et Chirurgie du Nez - Gorge - Oreilles - Tête & Cou** / أمراض وجراحة الأنف والأذن والحنجرة والرأس والرقبة
* **Allergologie Respiratoire** / الحساسية التنفسية
* **Audiométrie Prothèse Auditive** / قياس السمع وتجهيز بدائل السمع
* **Chirurgie O.R.L** / جراحة الأذن والأنف والحنجرة

---

**Adresse :** Cité Med. Boudiaf Centre Ville Bt. 04 - Djelfa
**العنوان :** حي محمد بوضياف عمارة رقم 04 أمام المسجد الكبير - الجلفة

**Mob : 07 79 06 33 78**",ok
WhatsApp Image 2026-04-23 at 10.17.22 AM (3)_line_2.jpg,1/ Solupred 20 01 1 Comp par jour pendant 04 jours    nom :habib prenom :orahmoun,ok
WhatsApp Image 2026-04-23 at 10.17.22 AM (3)_line_3.jpg,2/ Amoclan 1g 02 1 Sach x 2 3/ Bilaxten cp 20 01 1 cp soir,ok
WhatsApp Image 2026-04-23 at 10.17.22 AM (3)_line_4.jpg,3/ Bilaxten cp 20 01 1 cp soir,ok
WhatsApp Image 2026-04-23 at 10.17.22 AM (3)_line_5.jpg,,skip
WhatsApp Image 2026-04-23 at 10.17.22 AM (3)_line_6.jpg,,skip
WhatsApp Image 2026-04-23 at 10.17.22 AM (3)_line_7.jpg,,skip
WhatsApp Image 2026-04-23 at 10.17.22 AM (3)_line_8.jpg,,skip
WhatsApp Image 2026-04-23 at 10.17.22 AM (3)_line_9.jpg,,skip
WhatsApp Image 2026-04-23 at 10.17.22 AM (4)_line_0.jpg,18 AVR 2026,skip
WhatsApp Image 2026-04-23 at 10.17.22 AM (4)_line_1.jpg,"### **الصورة الأولى (Prescription Header)**

**وصفة طبية**
السيد : **CHADDAD** .................... العمر : **75**
الساكن : **Belkheir** ......................................

**[ختم / Stamp]**
الطبيب : ... بومدين محمد ...
أستاذ إستشفائي جامعي ...

---

### **الصورة الثانية (Clinic Header)**

**عيادة طبية**

**Dr. MOUFFOK Ahmed** .................... **الدكتور: موفق أحمد**
**Médecin Omnipraticien** .................... **طبيب محلف**
**- Assermenté -**

**N° d'Ordre : 170089**
**Cité des Jardins Cage 05/29** .................... **حي الحدائق عمارة 29/05**
**DJELFA** .................... **الجلفة**

**Tél : 020 70 02 16** .................... **الهاتف : 020 70 02 16**",ok
WhatsApp Image 2026-04-23 at 10.17.22 AM (4)_line_2.jpg,"Djelfa, le : **18/04/2026**
Nom : **KAS** Prénom : **Hadda** Age : **(A)**

**ORDONNANCE**",ok
WhatsApp Image 2026-04-23 at 10.17.22 AM (4)_line_3.jpg,1/ Vit D3 B.O.N 1 amp / 15 j (04 btes),ok
WhatsApp Image 2026-04-23 at 10.17.22 AM (4)_line_4.jpg,3- Ceteripex cp 1 cp / j,ok
WhatsApp Image 2026-04-23 at 10.17.22 AM (4)_line_5.jpg,4- Clamoxyl 1g 01 bts 1 g x 2 / j,ok
WhatsApp Image 2026-04-23 at 10.17.22 AM (4)_line_6.jpg,,skip
WhatsApp Image 2026-04-23 at 10.17.22 AM (4)_line_7.jpg,,skip
WhatsApp Image 2026-04-23 at 10.17.22 AM (4)_line_8.jpg,,skip
WhatsApp Image 2026-04-23 at 10.17.22 AM (4)_line_9.jpg,,skip
WhatsApp Image 2026-04-23 at 10.17.22 AM (5)_line_0.jpg,,ok
WhatsApp Image 2026-04-23 at 10.17.22 AM (5)_line_1.jpg,13/04/2025,ok
WhatsApp Image 2026-04-23 at 10.17.22 AM (5)_line_2.jpg,Touihel Youcef Age 10 ans,ok
WhatsApp Image 2026-04-23 at 10.17.22 AM (5)_line_3.jpg,1/ **NovoRapid Flexpen 08 UI (08),ok
WhatsApp Image 2026-04-23 at 10.17.22 AM (5)_line_4.jpg,touejo 06 ui,ok
WhatsApp Image 2026-04-23 at 10.17.22 AM (5)_line_5.jpg,bandlettes reactives,ok
WhatsApp Image 2026-04-23 at 10.17.22 AM (5)_line_6.jpg,,skip
WhatsApp Image 2026-04-23 at 10.17.22 AM (5)_line_7.jpg,,skip
WhatsApp Image 2026-04-23 at 10.17.22 AM (5)_line_8.jpg,,skip
WhatsApp Image 2026-04-23 at 10.17.22 AM (5)_line_9.jpg,,skip
WhatsApp Image 2026-04-23 at 10.17.22 AM_line_0.jpg,,skip
WhatsApp Image 2026-04-23 at 10.17.22 AM_line_1.jpg,,skip
WhatsApp Image 2026-04-23 at 10.17.22 AM_line_2.jpg,"1/ Hytacand 16/12,5 01 cp.",ok
WhatsApp Image 2026-04-23 at 10.17.22 AM_line_3.jpg,2/ Loxen lp 50 1 cp 2x / j,ok
WhatsApp Image 2026-04-23 at 10.17.22 AM_line_4.jpg,3/ Aspirine cp 100 01 cp.,ok
WhatsApp Image 2026-04-23 at 10.17.22 AM_line_5.jpg,4/ Atenor cp 100 1 j. 5/ Tahor 40 mg 1 cp.,ok
WhatsApp Image 2026-04-23 at 10.17.22 AM_line_6.jpg,,skip
WhatsApp Image 2026-04-23 at 10.17.22 AM_line_7.jpg,,skip
WhatsApp Image 2026-04-23 at 10.17.22 AM_line_8.jpg,,skip
WhatsApp Image 2026-04-23 at 10.17.22 AM_line_9.jpg,,skip
WhatsApp Image 2026-04-23 at 10.23.40 AM_line_0.jpg,,ok
WhatsApp Image 2026-04-23 at 10.23.40 AM_line_1.jpg,Alloune Zahra Age 42 ans,ok
WhatsApp Image 2026-04-23 at 10.23.40 AM_line_3.jpg,2/ Vit C cp 500 mg 1 cp / j,ok
WhatsApp Image 2026-04-23 at 10.23.40 AM_line_4.jpg,3/ Vit D3 amp 200.000 UI 1 amp / 15 jours,ok
WhatsApp Image 2026-04-23 at 10.23.40 AM_line_5.jpg,4/ M gés amp 1 amp / j 5/ Ideos cp 500 1 cp le soir,ok
WhatsApp Image 2026-04-23 at 10.23.40 AM_line_6.jpg,,skip
WhatsApp Image 2026-04-23 at 10.23.40 AM_line_7.jpg,,ok
WhatsApp Image 2026-04-23 at 10.23.40 AM_line_8.jpg,,ok
WhatsApp Image 2026-04-23 at 10.23.40 AM_line_9.jpg,,ok
WhatsApp Image 2026-04-23 at 10.23.41 AM (1)_line_0.jpg,,skip
WhatsApp Image 2026-04-23 at 10.23.41 AM (1)_line_1.jpg,dr zemmar khaled,ok
WhatsApp Image 2026-04-23 at 10.23.41 AM (1)_line_2.jpg,"**Spécialiste en gynécologie** .................... **اختصاصي في أمراض النساء**
**Accouchement - Stérilité** .................... **الولادة ، التوليد**
**Echographie** .................... **أشعة**

Djelfa, le : **04/04/2026**",ok
WhatsApp Image 2026-04-23 at 10.23.41 AM (1)_line_3.jpg,pyostacine,ok
WhatsApp Image 2026-04-23 at 10.23.41 AM (1)_line_4.jpg,diflucan gel 150,ok
WhatsApp Image 2026-04-23 at 10.23.41 AM (2)_line_0.jpg,dr.zamini.med,ok
WhatsApp Image 2026-04-23 at 10.23.41 AM (2)_line_2.jpg,divido 75 mg  codoliprane,ok
WhatsApp Image 2026-04-23 at 10.23.41 AM (2)_line_4.jpg,5/ Emulgel 2 app / j,ok
WhatsApp Image 2026-04-23 at 10.23.41 AM (2)_line_5.jpg,,skip
WhatsApp Image 2026-04-23 at 10.23.41 AM (2)_line_6.jpg,6/ Esoproton 1 gél / j,ok
WhatsApp Image 2026-04-23 at 10.23.41 AM (2)_line_7.jpg,,ok
WhatsApp Image 2026-04-23 at 10.23.41 AM (2)_line_8.jpg,,skip
WhatsApp Image 2026-04-23 at 10.23.41 AM (2)_line_9.jpg,,skip
WhatsApp Image 2026-04-23 at 10.23.41 AM (3)_line_0.jpg,20/04/2026 A...,skip
WhatsApp Image 2026-04-23 at 10.23.41 AM (3)_line_1.jpg,1/ Amoxicilline 250 mg 10 j 1 cp x 3 / j,skip
WhatsApp Image 2026-04-23 at 10.23.41 AM (3)_line_2.jpg,2/ Isospalgine sirop 01 fl 1 c.c x 3 / j,skip
WhatsApp Image 2026-04-23 at 10.23.41 AM (3)_line_3.jpg,3/ Paracetamol 200 mg 01 bte 1 supp / 06 h,skip
WhatsApp Image 2026-04-23 at 10.23.41 AM (3)_line_4.jpg,,skip
WhatsApp Image 2026-04-23 at 10.23.41 AM (3)_line_5.jpg,,skip
WhatsApp Image 2026-04-23 at 10.23.41 AM (3)_line_6.jpg,,skip
WhatsApp Image 2026-04-23 at 10.23.41 AM (3)_line_7.jpg,,skip
WhatsApp Image 2026-04-23 at 10.23.41 AM (3)_line_8.jpg,,skip
WhatsApp Image 2026-04-23 at 10.23.41 AM (3)_line_9.jpg,,skip
WhatsApp Image 2026-04-23 at 10.23.41 AM_line_0.jpg,20/04/2026,skip
WhatsApp Image 2026-04-23 at 10.23.41 AM_line_1.jpg,Zedjic Fatiha Age A,skip
WhatsApp Image 2026-04-23 at 10.23.41 AM_line_2.jpg,1- Novoformine 500 01 cp 2 / j,skip
WhatsApp Image 2026-04-23 at 10.23.41 AM_line_3.jpg,2- Diaphag 80 01 cp le matin,skip
WhatsApp Image 2026-04-23 at 10.23.41 AM_line_4.jpg,3- Levothyrox 100 1 cp le matin,skip
WhatsApp Image 2026-04-23 at 10.23.41 AM_line_5.jpg,4- Bte Check 3 1 bte QSP 03 mois,skip
WhatsApp Image 2026-04-23 at 10.23.41 AM_line_6.jpg,,skip
WhatsApp Image 2026-04-23 at 10.23.41 AM_line_7.jpg,,skip
WhatsApp Image 2026-04-23 at 10.23.41 AM_line_8.jpg,,skip
WhatsApp Image 2026-04-23 at 10.23.41 AM_line_9.jpg,,skip
WhatsApp Image 2026-04-23 at 10.24.31 AM (1)_line_0.jpg,14/04/26 Bagura,skip
WhatsApp Image 2026-04-23 at 10.24.31 AM (1)_line_1.jpg,Rabih Age A,skip
WhatsApp Image 2026-04-23 at 10.24.31 AM (1)_line_2.jpg,1- Biorogyl 02 bts 2 cp x 2 / j,skip
WhatsApp Image 2026-04-23 at 10.24.31 AM (1)_line_3.jpg,2- Dolyc 1 g 01 bte 1 cp x 3 / j,skip
WhatsApp Image 2026-04-23 at 10.24.31 AM (1)_line_4.jpg,3- Givalex bb 01 fl 1 app x 3 / j,skip
WhatsApp Image 2026-04-23 at 10.24.31 AM (1)_line_5.jpg,,skip
WhatsApp Image 2026-04-23 at 10.24.31 AM (1)_line_6.jpg,,skip
WhatsApp Image 2026-04-23 at 10.24.31 AM (1)_line_7.jpg,,skip
WhatsApp Image 2026-04-23 at 10.24.31 AM (1)_line_8.jpg,,skip
WhatsApp Image 2026-04-23 at 10.24.31 AM (1)_line_9.jpg,,skip
WhatsApp Image 2026-04-23 at 10.24.31 AM_line_0.jpg,18 AVR 2026,skip
WhatsApp Image 2026-04-23 at 10.24.31 AM_line_1.jpg,Chekhbat Feltoun Age A,skip
WhatsApp Image 2026-04-23 at 10.24.31 AM_line_2.jpg,1/ Lamidaz 250 1 cp / j 03 mois,skip
WhatsApp Image 2026-04-23 at 10.24.31 AM_line_3.jpg,2/ Fucid 250 2 cp 2 / j (15 j),skip
WhatsApp Image 2026-04-23 at 10.24.31 AM_line_4.jpg,3/ Xarria 200 1 cp / soir QSP 2 mois,skip
WhatsApp Image 2026-04-23 at 10.24.31 AM_line_5.jpg,,skip
WhatsApp Image 2026-04-23 at 10.24.31 AM_line_6.jpg,,skip
WhatsApp Image 2026-04-23 at 10.24.31 AM_line_7.jpg,,skip
WhatsApp Image 2026-04-23 at 10.24.31 AM_line_8.jpg,,skip
WhatsApp Image 2026-04-23 at 10.24.31 AM_line_9.jpg,,skip
